inputNeurons,outputNeurons,numHiddLayers,numNeurons,learningRate,epochs,r2Score,mse,loss,batchSize,runTime
30,1,2,60,0.001,100,0.5207935291578607,0.01062337402254343,0.01062337402254343,32,17.344422101974487
30,1,2,128,0.001,150,0.35063236228463723,0.01439562439918518,0.01439562439918518,32,25.713653087615967
22,1,2,128,0.001,150,0.44144648045009793,0.012382395565509796,0.012382395565509796,32,27.11159873008728
9,1,2,20,0.001,150,0.234218490351216,0.016976365819573402,0.016976365819573402,32,24.831918001174927
9,1,2,20,0.001,800,0.23537365143504219,0.016950758174061775,0.016950758174061775,32,130.5509271621704
9,1,3,40,0.001,100,0.23486345034334655,0.016962068155407906,0.016962068155407906,8,67.64438796043396
